{
    "foreground_mean": {
        "Dice": 0.4195619110765955,
        "FN": 443.44444444444446,
        "FP": 407.48148148148147,
        "IoU": 0.35459560694974707,
        "TN": 136352005.5185185,
        "TP": 859.7037037037037,
        "n_pred": 1267.1851851851852,
        "n_ref": 1303.148148148148
    },
    "mean": {
        "1": {
            "Dice": 0.4195619110765955,
            "FN": 443.44444444444446,
            "FP": 407.48148148148147,
            "IoU": 0.35459560694974707,
            "TN": 136352005.5185185,
            "TP": 859.7037037037037,
            "n_pred": 1267.1851851851852,
            "n_ref": 1303.148148148148
        }
    },
    "metric_per_case": [
        {
            "metrics": {
                "1": {
                    "Dice": 0.0,
                    "FN": 559,
                    "FP": 207,
                    "IoU": 0.0,
                    "TN": 220986626,
                    "TP": 0,
                    "n_pred": 207,
                    "n_ref": 559
                }
            },
            "prediction_file": "/data/golubeka/nnUNet_Frame/nnUNet_data/nnUNet_results/Dataset005_IA/nnUNetTrainer__nnUNetPlans__3d_fullres/fold_0/validation/Tr_0034.nii.gz",
            "reference_file": "/data/golubeka/nnUNet_Frame/nnUNet_data/nnUNet_preprocessed/Dataset005_IA/gt_segmentations/Tr_0034.nii.gz"
        },
        {
            "metrics": {
                "1": {
                    "Dice": 0.7687236769822376,
                    "FN": 106,
                    "FP": 1157,
                    "IoU": 0.624330755502677,
                    "TN": 226226910,
                    "TP": 2099,
                    "n_pred": 3256,
                    "n_ref": 2205
                }
            },
            "prediction_file": "/data/golubeka/nnUNet_Frame/nnUNet_data/nnUNet_results/Dataset005_IA/nnUNetTrainer__nnUNetPlans__3d_fullres/fold_0/validation/Tr_0134.nii.gz",
            "reference_file": "/data/golubeka/nnUNet_Frame/nnUNet_data/nnUNet_preprocessed/Dataset005_IA/gt_segmentations/Tr_0134.nii.gz"
        },
        {
            "metrics": {
                "1": {
                    "Dice": 0.7322274881516587,
                    "FN": 195,
                    "FP": 483,
                    "IoU": 0.577570093457944,
                    "TN": 203684283,
                    "TP": 927,
                    "n_pred": 1410,
                    "n_ref": 1122
                }
            },
            "prediction_file": "/data/golubeka/nnUNet_Frame/nnUNet_data/nnUNet_results/Dataset005_IA/nnUNetTrainer__nnUNetPlans__3d_fullres/fold_0/validation/Tr_0156.nii.gz",
            "reference_file": "/data/golubeka/nnUNet_Frame/nnUNet_data/nnUNet_preprocessed/Dataset005_IA/gt_segmentations/Tr_0156.nii.gz"
        },
        {
            "metrics": {
                "1": {
                    "Dice": NaN,
                    "FN": 0,
                    "FP": 0,
                    "IoU": NaN,
                    "TN": 144179200,
                    "TP": 0,
                    "n_pred": 0,
                    "n_ref": 0
                }
            },
            "prediction_file": "/data/golubeka/nnUNet_Frame/nnUNet_data/nnUNet_results/Dataset005_IA/nnUNetTrainer__nnUNetPlans__3d_fullres/fold_0/validation/Tr_0165.nii.gz",
            "reference_file": "/data/golubeka/nnUNet_Frame/nnUNet_data/nnUNet_preprocessed/Dataset005_IA/gt_segmentations/Tr_0165.nii.gz"
        },
        {
            "metrics": {
                "1": {
                    "Dice": 0.0,
                    "FN": 210,
                    "FP": 1063,
                    "IoU": 0.0,
                    "TN": 224918279,
                    "TP": 0,
                    "n_pred": 1063,
                    "n_ref": 210
                }
            },
            "prediction_file": "/data/golubeka/nnUNet_Frame/nnUNet_data/nnUNet_results/Dataset005_IA/nnUNetTrainer__nnUNetPlans__3d_fullres/fold_0/validation/Tr_0195.nii.gz",
            "reference_file": "/data/golubeka/nnUNet_Frame/nnUNet_data/nnUNet_preprocessed/Dataset005_IA/gt_segmentations/Tr_0195.nii.gz"
        },
        {
            "metrics": {
                "1": {
                    "Dice": 0.568352365415987,
                    "FN": 2175,
                    "FP": 471,
                    "IoU": 0.39699179580674565,
                    "TN": 224390876,
                    "TP": 1742,
                    "n_pred": 2213,
                    "n_ref": 3917
                }
            },
            "prediction_file": "/data/golubeka/nnUNet_Frame/nnUNet_data/nnUNet_results/Dataset005_IA/nnUNetTrainer__nnUNetPlans__3d_fullres/fold_0/validation/Tr_0196.nii.gz",
            "reference_file": "/data/golubeka/nnUNet_Frame/nnUNet_data/nnUNet_preprocessed/Dataset005_IA/gt_segmentations/Tr_0196.nii.gz"
        },
        {
            "metrics": {
                "1": {
                    "Dice": 0.0,
                    "FN": 104,
                    "FP": 0,
                    "IoU": 0.0,
                    "TN": 233832344,
                    "TP": 0,
                    "n_pred": 0,
                    "n_ref": 104
                }
            },
            "prediction_file": "/data/golubeka/nnUNet_Frame/nnUNet_data/nnUNet_results/Dataset005_IA/nnUNetTrainer__nnUNetPlans__3d_fullres/fold_0/validation/Tr_0291.nii.gz",
            "reference_file": "/data/golubeka/nnUNet_Frame/nnUNet_data/nnUNet_preprocessed/Dataset005_IA/gt_segmentations/Tr_0291.nii.gz"
        },
        {
            "metrics": {
                "1": {
                    "Dice": 0.0,
                    "FN": 1115,
                    "FP": 1937,
                    "IoU": 0.0,
                    "TN": 235926548,
                    "TP": 0,
                    "n_pred": 1937,
                    "n_ref": 1115
                }
            },
            "prediction_file": "/data/golubeka/nnUNet_Frame/nnUNet_data/nnUNet_results/Dataset005_IA/nnUNetTrainer__nnUNetPlans__3d_fullres/fold_0/validation/Tr_0378.nii.gz",
            "reference_file": "/data/golubeka/nnUNet_Frame/nnUNet_data/nnUNet_preprocessed/Dataset005_IA/gt_segmentations/Tr_0378.nii.gz"
        },
        {
            "metrics": {
                "1": {
                    "Dice": 0.0,
                    "FN": 986,
                    "FP": 0,
                    "IoU": 0.0,
                    "TN": 94370854,
                    "TP": 0,
                    "n_pred": 0,
                    "n_ref": 986
                }
            },
            "prediction_file": "/data/golubeka/nnUNet_Frame/nnUNet_data/nnUNet_results/Dataset005_IA/nnUNetTrainer__nnUNetPlans__3d_fullres/fold_0/validation/Tr_0394.nii.gz",
            "reference_file": "/data/golubeka/nnUNet_Frame/nnUNet_data/nnUNet_preprocessed/Dataset005_IA/gt_segmentations/Tr_0394.nii.gz"
        },
        {
            "metrics": {
                "1": {
                    "Dice": 0.04184100418410042,
                    "FN": 133,
                    "FP": 96,
                    "IoU": 0.021367521367521368,
                    "TN": 170655510,
                    "TP": 5,
                    "n_pred": 101,
                    "n_ref": 138
                }
            },
            "prediction_file": "/data/golubeka/nnUNet_Frame/nnUNet_data/nnUNet_results/Dataset005_IA/nnUNetTrainer__nnUNetPlans__3d_fullres/fold_0/validation/Tr_0466.nii.gz",
            "reference_file": "/data/golubeka/nnUNet_Frame/nnUNet_data/nnUNet_preprocessed/Dataset005_IA/gt_segmentations/Tr_0466.nii.gz"
        },
        {
            "metrics": {
                "1": {
                    "Dice": 0.0,
                    "FN": 1042,
                    "FP": 0,
                    "IoU": 0.0,
                    "TN": 92535790,
                    "TP": 0,
                    "n_pred": 0,
                    "n_ref": 1042
                }
            },